61|31|fluffy throughout|1.8875935894133378
45|87|doze black peru blithely|0.8111397418955857
83|45|orange wake|7.477725774357761
33|68|courts beyond navy|2.3019747442591387
26|33|misty olive|3.875168446010231
25|63|accordingto powder olive|6.428707266879713
68|44|dodger grouches deep|9.69011152299241
23|15|careful dazzle misty|4.6997055184598295
97|13|mold escapades|1.7316199194573
80|50|orchid boldly permanently|2.3712047838526407
78|76|drab frosted lime close|8.836211682236158
90|58|ruthless run silent|4.96268944482828
75|50|deep blue|5.260449462474272
62|87|blithe thinly|3.41972086691963
78|62|drab snooze solve dark|4.592991120625184
86|58|lemon azure coral deposits|0.34909592696146463
93|24|navy epitaphs maroon|0.03543188936246944
0|37|breach deep|9.803917008699498
16|27|dazzle chocolate within|0.5231864408086884
17|58|sublate sentiments|6.871359792612193
6|81|dugouts furiously within unusual|4.154344405143392
1|32|turquoise upon|6.987583491357558
95|0|blanched haggle packages|3.1544730242587526
47|69|doubt nod thinly|2.448017535379244
73|36|doze nod|5.54562433545083
42|18|dodger carefully|1.4923552015765973
10|31|sandy blithe|8.529752166211388
41|91|grouches believe during|0.24992825399503094
46|14|blue lavender alongsideof|0.3744354913864778
63|24|stealthily around gifts|5.521180160147965
94|16|toward purple idly|9.45611062427708
78|39|sky promise alongsideof detect|1.6268089529389507
4|30|around fluffy dolphins asymptotes|3.86078041652143
46|83|tithes besides slyly frosted|6.7217910110157
63|12|coral orbits eat|9.810047377704802
25|52|thrash past frets|4.470464982585941
4|66|ruthlessly misty grey|9.471457011866164
94|60|careful sentiments pains quick|9.304595445629367
26|56|dugouts aquamarine|1.1159601265906183
12|20|burlywood toward engage against|6.8448699208995
78|60|doubt quiet regularly bisque|3.8986382479429684
68|79|past inside detect cyan|4.343690568935994
4|16|except courts blush ivory|3.311584604112406
14|78|hang orbits|2.964739937681742
82|52|sauternes close under patterns|3.764420948750322
69|66|black unwind grey express|4.073679573600901
94|70|frosted yellow quietly quickly|2.952127872840018
21|72|chocolate finally white|8.42834655132921
98|74|pending ideas theodolites hot|6.1547651136908845
39|32|burnished platelets|6.4684017893853465
96|47|waters fluffily unusual|9.501212856155533
36|50|wheat final boost dim|2.084410745036264
92|0|enticing slyly plum regularly|1.177568264857245
31|46|affix accordingto dugouts warhorses|0.8955736947625226
60|40|lavender royal|7.805474743851155
57|17|cornflower salmon|4.943326319703521
67|31|thistle navajo theodolites close|1.3086582969424265
75|82|waters doggedly yellow rosy|0.2629849209040569
27|73|enticing besides misty|2.673433016636846
7|8|cornsilk solve braids|5.338794758749309
27|19|quickly cornflower closely|5.198389391549274
96|17|antique furiously under requests|0.05056850064869778
43|60|maintain gainsboro magenta|3.5812656669803733
94|43|beige pale|9.475872584822945
74|83|quiet eat boldly cream|8.9125469991728
0|53|frays blithely|7.765145327895356
58|22|cajole unusual under|2.627739136539468
67|87|courts navy|0.34091716096569913
23|11|yellow indian busily asymptotes|4.383475405307453
52|68|foxes khaki ironically|8.060941538382142
4|65|pintobeans deposits|7.789931418284431
36|26|throughout upon poach except|0.2920449624533039
51|98|frets beside|2.841178688466682
95|66|finally dazzle unwind hockeyplayers|4.105459766177672
31|29|antique lemon sublate antique|3.957631685178887
56|87|ghost daringly carefully haggle|7.526852169874324
54|19|pains saddle peach|5.530016942647434
50|30|even poach instructions realms|7.7115443198915
75|12|fluffy burlywood magenta impress|2.137311814348638
76|30|poach orange ideas blush|4.511029813504925
25|0|moccasin across wheat coral|7.404464892732481
35|36|coral yellow frets|4.569695068844533
65|9|believe platelets pending maintain|9.857847070211124
81|47|accounts ruthlessly|2.6516614416982796
63|87|grey xray olive|0.6395949994541739
69|10|maroon finally light|1.0750727181894149
97|53|firebrick closely|9.880705068717026
83|53|ideas patterns daring silently|7.512044808725054
61|32|ideas violet|7.868861297484601
94|30|forest bold|3.3726954311276836
48|76|firebrick lavender instructions|5.485804120300126
25|11|doze within bisque|8.884998843060014
92|61|haggle thistle|8.805000029091962
74|95|brown quick breach quick|2.595167278224406
18|12|thrash thistle doze|1.7734330127730769
26|4|deposits affix|2.7692885972496084
51|1|carefully permanently engage sheaves|2.5392975562385
12|16|grow finally|4.712915510709803
81|71|bold yellow|7.231526225757281
34|66|despite asymptotes ideas burnished|9.522725121209213
