40|6|steel lace beside regularly|1.9531563494524629
85|73|except platelets xray|1.88824205228446
68|93|lavender lawn|2.025796316099524
71|20|upon blush midnight sky|9.975896289052272
95|9|maintain cornflower xray grey|1.8048357419026695
83|81|pale frets closely|7.644572390863738
54|6|hinder salmon pale instructions|6.080946306336764
46|54|stealthy poach frets notornis|6.993884002566713
75|26|firebrick hockeyplayers|1.7857902003238335
75|81|careful lavender|3.5533246040169875
9|3|hot deposits impress final|8.33660737418809
71|96|white notornis poach|8.549979801417816
46|2|misty closely close|3.9365281102830183
42|0|aquamarine daringly blush regularly|8.742558698181846
30|59|theodolites beside|7.697888243064682
59|43|hang frays|2.8954013688444666
70|52|daringly whithout evenly|1.157572877895282
20|4|depths drab boldly smoke|2.32648261489154
32|43|azure plum frays braids|2.274975472999837
2|14|orange instructions inside platelets|3.5091918820048984
21|73|orbits cream sly floral|8.87955934536892
44|36|notornis slow sky alongsideof|8.165694863837496
99|25|realms pale|5.941437208018536
50|87|powder spring besides throughout|3.6784754363430574
97|20|accordingto doggedly lavender ivory|3.3365595010297944
50|3|steel sandy salmon packages|1.2935613043992422
58|1|serve midnight thin multipliers|3.736325302700081
36|82|daring alongsideof instructions burnished|5.598767497062234
37|10|brave requests thin gainsboro|9.725303620967352
82|66|idly goldenrod chartreuse olive|4.625665363560339
42|41|grouches blithely|2.5078304349779215
34|89|brave nod despite|2.707689354276812
86|46|accounts finally against|1.510235846780782
73|53|powder thin|1.966242141342095
94|4|deep patterns frays|8.984418110604624
54|36|breach unwind|6.406622349650765
91|55|brown hot|0.7841494634860058
10|51|hockeyplayers khaki careful|7.9299177583279885
82|0|maintain doggedly|8.746776221047039
35|11|drab floral accounts|6.217518273285783
23|36|chiffon nag dugouts thin|2.7408826718210944
2|60|insteadof papaya|3.8611763406244526
12|52|gifts light violet|0.12129357042682809
75|29|snooze quietly|2.57496425087787
47|71|slyly engage warhorses braids|1.881484231211733
30|23|blithe quick unusual|2.74128112001504
39|48|peach daringly sublate eat|7.105878159286335
5|74|excuses dugouts under seashell|0.409988099248888
76|77|stealthy notornis powder|1.4597156203345774
92|59|accordingto atop frays|6.34616851953322
93|23|quickly lose Tiresias|0.8575908434126911
51|46|lemon lawn thinly fluffily|6.463890525425491
6|6|wheat ruthlessly forest|8.773041308443899
89|24|dodger waters|5.516495973102047
36|51|almond azure thinly|1.5393761191766298
96|5|maintain stealthily dazzle|5.185465069324149
41|64|sleep multipliers mint asymptotes|2.5560442862102106
41|67|grouches braids|6.012827687391036
64|56|decoys realms bisque deposits|7.952089184341312
76|8|boost engage royal orbits|4.03955770882806
34|55|stealthily silent quietly lawn|1.062578429202523
91|34|courts packages permanently red|2.053058559839065
56|14|sky against papaya|3.862747259431182
2|24|forges moccasin attainments|2.4064307246536454
37|57|among sienna sky cyan|7.6637845570107075
32|27|grow red hang escapades|3.1899279663431965
17|78|notornis deep dim|4.42090263173843
91|24|tomato coral linen|4.201872074276598
8|85|multipliers honeydew|3.67444682449678
36|95|inside doggedly asymptotes|0.048633426831812265
49|55|against hang engage|9.738494418142503
23|70|accounts within|6.671679131060153
56|96|orchid patterns|1.7572575190496675
50|1|nod linen blithely|3.3643412544027607
56|20|sometimes orchid idly|3.6669125975661334
43|83|blue regularly eat permanent|5.826495468246384
66|88|white outside|8.996524554695275
15|70|foxes fluffy dodger|7.3094020814189475
35|5|outside orange nod tomato|5.045388724766458
89|79|bold slate|8.876632196208478
85|33|smoke boldly bravely|9.129542069053393
67|45|saddle lawn mint magenta|5.293185819883863
20|28|forest wake|4.1332241829853
11|39|deposits blue|1.887276210886193
31|84|midnight brown about sleep|0.0607856980565169
88|91|saddle toward doubt dogged|3.1426764442662103
10|31|blush kindle cyan grey|6.388508219201892
25|38|promise affix blithely quickly|1.4224941583488249
15|36|close grow honeydew|1.460580809685379
94|79|warthogs thrash snooze|6.86730930406836
93|46|grow peru slowly|3.966460963688103
66|79|green plum red|7.03534924410714
55|49|sublate busily|7.812991805496598
15|34|dependencies boldly|7.35891456281993
15|96|sentiments linen yellow|9.074415669601574
74|55|attainments daringly orchid orchid|2.2025455375394873
15|20|navy goldenrod multipliers dark|2.4293423047291016
7|4|powder deep tomato doggedly|4.4764774923298125
41|27|closely violet|8.149065628515967
30|23|across engage thistle|4.2449600839086035
